Ssn,Fname,Lname,Email,Birth_Date,Phone_Number,Longitude,Latitude,Role,Hours,Super_Ssn,GS_Longitude,GS_Latitude
279-18-7991,Grazia,Hatch,ghatch0@yandex.ru,10/12/1991,6969338377,39.386508,22.771784,Mechanic,72,482-99-8564,38.2019,21.428285
235-28-0699,Clari,Waberer,cwaberer1@kickstarter.com,31/12/1998,6939860115,36.48684,21.873934,Mechanic,35,244-85-2321,38.262807,22.778594
523-61-0991,Gwendolyn,Philcox,gphilcox2@ca.gov,27/11/1998,6972243779,38.17376,21.11909,Mechanic,89,873-02-8893,38.682971,22.038279
303-01-1572,Hope,Braz,hbraz3@facebook.com,31/3/1993,6969576805,39.421047,21.793675,Mechanic,97,109-51-6553,37.942487,21.152171
235-57-9425,Aurlie,Cordall,acordall4@eepurl.com,13/12/2001,6942124171,36.189663,22.37263,Mechanic,89,257-71-7733,37.988127,22.115035
891-02-1357,Seline,Clowton,sclowton5@youku.com,24/5/2001,6992101447,36.357997,21.684816,Mechanic,66,482-99-8564,37.793219,22.508819
503-46-6833,Wheeler,de Keyser,wdekeyser6@weebly.com,2/5/1992,6932917887,38.377306,22.619616,Mechanic,61,331-45-1900,36.655448,22.759316
194-25-7899,Jard,Whybrow,jwhybrow7@scribd.com,22/12/1997,6994277744,37.700002,22.698763,Mechanic,14,838-76-5545,38.007562,21.225408
386-62-3510,Christoforo,Tilliards,ctilliards8@umn.edu,14/1/2000,6934570494,37.848448,21.085874,Mechanic,91,631-65-1970,37.066891,21.200989
705-96-0920,Stanislaw,Hentzer,shentzer9@nba.com,12/3/1994,6974801198,38.772428,22.236947,Mechanic,27,873-02-8893,37.496027,22.908386
450-95-8498,Eula,Neely,eneelya@lulu.com,8/7/2002,6937413868,38.96865,21.682995,Mechanic,38,660-93-4278,36.776168,22.201528
318-60-5593,Richmound,Oakenfull,roakenfullb@nyu.edu,11/4/1992,6936834971,38.388722,21.282996,Mechanic,84,311-27-8636,39.532177,22.166377
179-86-1128,Perri,Gillis,pgillisc@yahoo.co.jp,8/5/1991,6937458974,38.083745,22.50731,Mechanic,21,873-02-8893,36.02151,22.480999
448-65-9758,Jeremie,Proom,jproomd@pinterest.com,29/9/2000,6922900156,37.106471,21.123991,Mechanic,17,482-99-8564,39.159734,22.717787
842-33-7983,Job,Saward,jsawarde@home.pl,29/5/1994,6927153840,39.839398,21.350538,Mechanic,15,544-96-8239,38.681253,22.826654
771-70-9427,Hammad,Redish,hredishf@theatlantic.com,8/8/1997,6913687882,38.248456,21.060609,Mechanic,10,538-60-9947,36.190598,22.952309
611-27-1080,Blakeley,Kimmitt,bkimmittg@facebook.com,4/1/2003,6968768298,38.56683,22.30429,Mechanic,55,348-89-1717,39.243902,21.819605
624-08-4048,Dulciana,Billyard,dbillyardh@meetup.com,9/8/2002,6977706451,37.036674,21.749541,Mechanic,20,508-23-8527,39.62454,21.555351
769-67-6068,Hildagarde,Beldom,hbeldomi@census.gov,26/12/2003,6979166565,38.730243,22.936286,Mechanic,12,329-56-2930,39.362558,22.372545
711-98-8925,Francklin,Scougall,fscougallj@zimbio.com,13/11/1990,6933347620,38.466968,22.347044,Mechanic,88,508-23-8527,38.987,22.57105
580-42-5894,Yetty,Bicksteth,ybickstethk@1688.com,9/9/2002,6908263718,38.004788,21.188883,Mechanic,96,603-55-3533,37.887318,22.785831
260-12-0160,Bili,Anten,bantenl@cnet.com,8/3/2003,6923107741,39.162653,21.765745,Mechanic,54,867-19-4487,39.877714,21.358061
175-36-8367,Edith,Juett,ejuettm@cbslocal.com,14/12/1995,6958287870,39.237582,22.456461,Mechanic,50,875-96-5877,36.822306,21.744172
622-59-8119,Lorelei,Fieldstone,lfieldstonen@opera.com,2/3/1999,6909096527,39.36284,21.684595,Mechanic,20,223-18-0765,37.958652,22.670532
855-46-0923,Ann,Menpes,amenpeso@stanford.edu,20/8/1990,6964411080,38.074217,22.71981,Mechanic,35,652-09-0879,37.278692,21.092014
194-72-6691,Theda,Ashling,tashlingp@usda.gov,2/5/1992,6947119850,38.117793,22.682346,Mechanic,94,631-65-1970,39.087018,22.459516
655-09-7731,Bernice,Gavagan,bgavaganq@redcross.org,11/8/1997,6929599965,39.745056,21.23761,Mechanic,80,571-93-4844,37.183855,21.434547
324-58-8179,Helyn,Millership,hmillershipr@loc.gov,28/8/2002,6946387421,38.325279,21.615642,Mechanic,51,602-48-8619,37.40737,22.022397
659-66-7163,Melosa,Mundee,mmundees@bing.com,5/4/2001,6970719601,37.746429,22.213457,Mechanic,51,605-94-3821,39.559869,21.073529
605-46-6209,Bard,Cockaday,bcockadayt@sakura.ne.jp,7/12/2001,6937029869,39.565132,21.458557,Mechanic,22,467-37-0421,39.42864,21.391072
834-77-0619,Melesa,Vanyukov,mvanyukovu@bizjournals.com,28/3/1994,6942488267,39.842978,21.923153,Mechanic,10,803-69-9886,36.878025,22.721308
854-90-6508,Bobbie,Hammill,bhammillv@cdbaby.com,22/1/1995,6947701735,36.454832,21.27332,Mechanic,77,388-87-2614,38.084575,22.01898
407-99-6342,Zelda,Dockery,zdockeryw@auda.org.au,12/5/1996,6968324595,36.794082,22.780557,Mechanic,69,603-55-3533,39.778374,22.116495
603-55-1701,Leisha,Osgodby,losgodbyx@weather.com,29/9/2002,6965897110,39.139075,21.94789,Mechanic,33,223-18-0765,38.153323,22.51488
797-27-5309,Jerrilyn,Chatburn,jchatburny@symantec.com,8/2/2003,6992134603,39.316238,21.987711,Mechanic,49,574-48-2241,36.182171,21.035169
422-25-8416,Gabbie,Ison,gisonz@livejournal.com,19/6/1997,6987526377,38.777568,22.446138,Mechanic,89,370-33-5869,38.614483,22.711832
506-39-3269,Rana,Deener,rdeener10@google.ca,16/12/2001,6959190991,37.717361,22.272326,Mechanic,43,534-45-7901,39.917906,22.189849
613-59-0757,Danie,Bachelor,dbachelor11@altervista.org,31/12/2002,6978407119,38.906686,22.468746,Mechanic,98,603-55-3533,38.263947,22.4074
249-66-5108,Clayson,Ausiello,causiello12@google.com,23/8/1995,6929145257,37.912549,22.413701,Mechanic,78,358-01-9585,39.523325,22.588122
223-69-8410,Briny,Orrow,borrow13@t-online.de,10/12/2001,6994510665,39.023586,21.737976,Mechanic,29,370-33-5869,38.82109,21.136778
188-03-0979,Lucinda,Vankin,lvankin14@hc360.com,16/9/1996,6978359096,39.174922,21.874103,Mechanic,34,538-60-9947,36.135136,22.066818
470-69-0383,Tedi,Louw,tlouw15@rambler.ru,22/7/1993,6907845830,36.56276,21.005609,Mechanic,64,867-19-4487,38.551598,21.209075
299-25-0165,Belinda,Baudic,bbaudic16@arstechnica.com,15/1/2002,6947833710,36.84125,22.513472,Mechanic,31,550-47-6199,36.134797,21.639669
324-62-8533,Editha,Lovick,elovick17@taobao.com,7/3/2002,6973249574,39.767974,21.715406,Mechanic,22,652-09-0879,37.38102,22.021288
655-65-6473,Noach,Boissier,nboissier18@simplemachines.org,7/7/2000,6972331449,39.645068,22.411562,Mechanic,25,538-60-9947,39.248553,21.902334
770-90-2834,Karlene,Coverlyn,kcoverlyn19@timesonline.co.uk,18/3/2002,6936113022,37.188362,22.564343,Mechanic,11,223-18-0765,38.815164,22.113392
650-25-8712,Elisabet,Gerhts,egerhts1a@auda.org.au,5/4/1995,6971967985,36.884042,21.742151,Mechanic,16,117-15-9866,39.537578,22.594296
496-77-2038,Wyn,Bernlin,wbernlin1b@over-blog.com,8/6/2001,6995760355,37.699609,21.032836,Mechanic,31,803-69-9886,39.264855,21.420545
669-39-5288,Candis,MacNeely,cmacneely1c@delicious.com,1/6/1991,6933959344,38.009208,21.697666,Mechanic,16,534-45-7901,36.316855,22.214117
119-73-0888,Briano,Tiffin,btiffin1d@wsj.com,13/8/1991,6972365290,36.824027,22.415711,Mechanic,93,550-47-6199,36.413642,22.802954
117-15-9866,Dex,Canlin,dcanlin0@people.com.cn,26/2/1994,6950115869,37.726609,21.89496,Manager,40,NULL,38.2019,21.428285
311-27-8636,Duky,Burton,dburton1@ning.com,7/1/1992,6985679021,36.187331,21.282214,Manager,8,NULL,38.262807,22.778594
867-19-4487,Roselin,Chopin,rchopin2@house.gov,8/11/1997,6950346650,37.245687,22.055642,Manager,28,NULL,38.682971,22.038279
257-71-7733,Charita,Button,cbutton3@liveinternet.ru,8/5/1992,6923720862,38.066489,21.164663,Manager,84,NULL,37.942487,21.152171
534-45-7901,Hephzibah,McPeice,hmcpeice4@typepad.com,24/3/2001,6975489953,37.269163,21.036402,Manager,81,NULL,37.988127,22.115035
550-47-6199,Haslett,Bachshell,hbachshell5@indiatimes.com,4/8/1998,6988033572,36.668529,21.656005,Manager,50,NULL,37.793219,22.508819
329-56-2930,Jennette,Hoff,jhoff6@devhub.com,29/10/2002,6962504705,37.162714,22.481203,Manager,64,NULL,36.655448,22.759316
109-51-6553,Wynne,Grzesiak,wgrzesiak7@homestead.com,23/2/1993,6934572013,36.559749,22.989771,Manager,29,NULL,38.007562,21.225408
803-69-9886,Christye,Behne,cbehne8@bloomberg.com,22/1/1993,6914011132,36.590844,22.787171,Manager,18,NULL,37.066891,21.200989
377-21-7150,Jarrid,Whitewood,jwhitewood9@tripod.com,20/7/2001,6972058293,38.789985,22.017571,Manager,57,NULL,37.496027,22.908386
470-57-7121,Dorie,Brumen,dbrumena@ehow.com,2/9/2003,6958514531,37.460665,22.629972,Manager,28,NULL,36.776168,22.201528
765-37-7380,Sela,Pryell,spryellb@phpbb.com,11/8/1997,6908297855,38.162004,22.644745,Manager,92,NULL,39.532177,22.166377
713-31-6727,Bryanty,Crosier,bcrosierc@yellowbook.com,24/3/2000,6980576554,36.929381,21.060991,Manager,10,NULL,36.02151,22.480999
259-97-5795,Martha,Gilks,mgilksd@youtube.com,13/7/1994,6991016128,36.462737,22.161748,Manager,8,NULL,39.159734,22.717787
631-65-1970,Seward,Lindsley,slindsleye@msn.com,27/2/1995,6905688761,37.969084,21.647373,Manager,22,NULL,38.681253,22.826654
505-84-5567,Terry,Northill,tnorthillf@domainmarket.com,15/5/2003,6996343430,37.914869,22.753696,Manager,39,NULL,36.190598,22.952309
331-45-1900,Ariel,Pendlebury,apendleburyg@google.es,5/5/1996,6925053744,38.055617,21.420272,Manager,17,NULL,39.243902,21.819605
244-85-2321,Dillie,Petzold,dpetzoldh@wikimedia.org,11/2/1991,6985906416,37.214977,21.217622,Manager,11,NULL,39.62454,21.555351
735-21-9436,Virge,McAvey,vmcaveyi@seattletimes.com,28/11/2001,6913682959,38.900323,22.540749,Manager,73,NULL,39.362558,22.372545
873-02-8893,Gabi,Kenealy,gkenealyj@weather.com,25/11/1997,6983906193,39.382253,22.699683,Manager,55,NULL,38.987,22.57105
348-89-1717,Rasia,Britcher,rbritcherk@flavors.me,24/6/1994,6924243567,38.541745,21.784738,Manager,50,NULL,37.887318,22.785831
511-24-6997,Pate,Coode,pcoodel@cornell.edu,2/8/1996,6934917632,39.407082,21.83167,Manager,8,NULL,39.877714,21.358061
702-57-1309,Hagen,Farthing,hfarthingm@psu.edu,3/3/1994,6916850956,37.766153,21.754917,Manager,58,NULL,36.822306,21.744172
546-39-6338,Dulcine,Oguz,doguzn@comcast.net,28/3/2000,6953332450,36.337305,21.602152,Manager,53,NULL,37.958652,22.670532
605-94-3821,Salvador,Behneke,sbehnekeo@berkeley.edu,19/4/1990,6984963350,39.544035,22.451978,Manager,99,NULL,37.278692,21.092014
482-99-8564,Ginnifer,Delong,gdelongp@chron.com,3/12/2000,6953471603,39.654633,21.890054,Manager,18,NULL,39.087018,22.459516
660-93-4278,Lissy,Tilmouth,ltilmouthq@zimbio.com,25/1/1991,6990204561,39.90679,22.837491,Manager,10,NULL,37.183855,21.434547
644-33-6437,Lee,Yankin,lyankinr@phpbb.com,2/4/1995,6952377888,39.60073,22.276828,Manager,57,NULL,37.40737,22.022397
508-23-8527,Evangelin,Jacop,ejacops@google.es,28/8/1996,6950571172,37.90529,21.879103,Manager,99,NULL,39.559869,21.073529
388-87-2614,Andrea,Chown,achownt@usa.gov,25/11/1999,6911396266,37.316712,21.578194,Manager,38,NULL,39.42864,21.391072
603-55-3533,Shirleen,Henlon,shenlonu@diigo.com,16/7/1993,6995595573,37.211069,22.845515,Manager,39,NULL,36.878025,22.721308
652-09-0879,Oswell,Lepper,olepperv@miitbeian.gov.cn,10/12/1997,6962784620,37.307325,21.277499,Manager,30,NULL,38.084575,22.01898
791-36-5885,Lenci,Warn,lwarnw@ocn.ne.jp,28/7/2001,6974337061,38.203626,21.370312,Manager,53,NULL,39.778374,22.116495
706-27-1840,Theadora,Newing,tnewingx@multiply.com,3/10/1998,6970934935,38.246349,21.701226,Manager,92,NULL,38.153323,22.51488
358-01-9585,Erroll,Teresi,eteresiy@wikia.com,10/10/2000,6941448906,39.659687,22.541232,Manager,28,NULL,36.182171,21.035169
323-49-2911,Andee,McCome,amccomez@slate.com,9/5/1995,6979603099,38.130537,21.177281,Manager,59,NULL,38.614483,22.711832
875-96-5877,Rhoda,Depper,rdepper10@irs.gov,5/7/1991,6961365775,39.205929,21.060082,Manager,63,NULL,39.917906,22.189849
574-16-3452,Dalis,Scarlan,dscarlan11@samsung.com,25/5/2001,6906214392,38.620146,21.514936,Manager,14,NULL,38.263947,22.4074
544-96-8239,Lucas,Zannetti,lzannetti12@vk.com,4/6/2003,6945189534,39.852909,21.547305,Manager,71,NULL,39.523325,22.588122
751-55-4288,Bradley,Abbes,babbes13@wordpress.com,20/6/1995,6900257575,36.27351,21.518716,Manager,33,NULL,38.82109,21.136778
838-76-5545,Rachele,Noone,rnoone14@ox.ac.uk,15/5/1998,6990459665,38.162596,21.806882,Manager,27,NULL,36.135136,22.066818
223-18-0765,Hagen,Stocker,hstocker15@geocities.com,12/5/1991,6965503498,37.154794,21.18481,Manager,86,NULL,38.551598,21.209075
647-21-0457,Iris,Tomsett,itomsett16@indiegogo.com,5/6/1992,6976562811,37.292859,21.79579,Manager,36,NULL,36.134797,21.639669
574-48-2241,Gardy,Tutt,gtutt17@youku.com,24/2/2003,6996033671,37.586417,21.790893,Manager,44,NULL,37.38102,22.021288
435-03-5922,Lorilee,Corten,lcorten18@canalblog.com,8/4/1994,6932527730,37.42763,21.781981,Manager,63,NULL,39.248553,21.902334
370-33-5869,Rebbecca,Venes,rvenes19@instagram.com,9/2/2002,6906163165,36.027907,22.197848,Manager,12,NULL,38.815164,22.113392
467-37-0421,Nealon,Dmitr,ndmitr1a@sun.com,10/6/1993,6951496165,38.713914,22.944192,Manager,39,NULL,39.537578,22.594296
538-60-9947,Juan,Tumbelty,jtumbelty1b@cdbaby.com,4/4/1992,6906282281,36.85096,21.707169,Manager,8,NULL,39.264855,21.420545
602-48-8619,Mirabel,Gaucher,mgaucher1c@printfriendly.com,25/3/1995,6969360491,38.005802,21.338717,Manager,94,NULL,36.316855,22.214117
571-93-4844,Roobbie,Carswell,rcarswell1d@cargocollective.com,26/9/1998,6968120539,38.809076,21.244231,Manager,57,NULL,36.413642,22.802954
377-83-9233,Casandra,Readwood,creadwood0@paginegialle.it,13/11/2003,6997554581,39.239728,22.864058,Fuel Attendant,54,370-33-5869,38.262807,22.778594
182-09-6083,Melitta,Pemble,mpemble1@histats.com,12/1/1994,6951483391,36.692387,21.616802,Fuel Attendant,87,631-65-1970,39.532177,22.166377
345-24-0157,Mady,Caston,mcaston2@hud.gov,6/1/1990,6912972173,38.047966,21.144805,Fuel Attendant,40,544-96-8239,36.02151,22.480999
496-41-6355,Meta,Pingston,mpingston3@cnn.com,23/10/1990,6968637421,37.056946,22.684035,Fuel Attendant,23,751-55-4288,37.887318,22.785831
379-71-4404,Vicki,Jephcott,vjephcott4@abc.net.au,1/8/1992,6901328056,37.991647,22.152344,Fuel Attendant,31,735-21-9436,39.087018,22.459516
518-75-3825,Daveta,Dunthorn,ddunthorn5@diigo.com,8/9/2001,6925705393,37.46133,22.592868,Fuel Attendant,40,358-01-9585,37.40737,22.022397
407-39-7358,Giorgia,Goracci,ggoracci6@123-reg.co.uk,1/3/2000,6949583485,38.233864,21.516322,Fuel Attendant,10,765-37-7380,39.559869,21.073529
348-99-2374,Arvy,Davinet,adavinet7@360.cn,16/9/1994,6930311286,38.937422,21.007222,Fuel Attendant,23,388-87-2614,36.878025,22.721308
562-35-8394,Killie,Annwyl,kannwyl8@dedecms.com,20/6/1991,6906596249,39.114252,21.813624,Fuel Attendant,98,803-69-9886,38.153323,22.51488
555-18-9229,Bibi,Axcell,baxcell9@oracle.com,15/6/1995,6951775715,37.59969,21.628109,Fuel Attendant,62,329-56-2930,36.182171,21.035169
439-31-6650,Genia,Bestar,gbestara@amazon.co.jp,1/7/2001,6992503849,39.667364,22.112212,Fuel Attendant,29,117-15-9866,39.917906,22.189849
764-35-2148,Violette,Caughtry,vcaughtryb@icq.com,14/1/1994,6961538896,37.589633,22.085804,Fuel Attendant,18,257-71-7733,38.263947,22.4074
795-20-0900,Isidore,Brownsworth,ibrownsworthc@twitter.com,16/5/1999,6948809556,39.724627,21.675465,Fuel Attendant,24,803-69-9886,36.134797,21.639669
158-03-4596,Sammie,Miebes,smiebesd@gmpg.org,13/2/2002,6956808169,37.402688,21.063799,Fuel Attendant,91,791-36-5885,37.38102,22.021288
561-63-0783,Matty,Larter,mlartere@squidoo.com,9/11/1997,6918894589,36.190225,22.202916,Fuel Attendant,76,244-85-2321,38.815164,22.113392
367-75-0951,Rosabella,Collett,rcollettf@scribd.com,19/12/1990,6991726169,38.526109,22.59383,Fuel Attendant,77,505-84-5567,39.264855,21.420545
518-38-5590,Bertine,Dalliwatr,bdalliwatrg@vk.com,20/6/2003,6930937336,38.061594,21.463991,Fuel Attendant,91,511-24-6997,36.413642,22.802954
525-64-8676,Gherardo,Cavendish,gcavendishh@infoseek.co.jp,20/3/1999,6945595602,36.096081,22.473249,Fuel Attendant,50,323-49-2911,37.942487,21.152171
155-55-1683,Saidee,Wannop,swannopi@cbsnews.com,12/7/2000,6913330315,37.012569,21.298884,Fuel Attendant,49,244-85-2321,37.793219,22.508819
270-08-7276,Antonia,Mielnik,amielnikj@howstuffworks.com,31/7/2000,6936472463,36.210015,22.043749,Fuel Attendant,16,571-93-4844,39.159734,22.717787
188-77-4344,Franklyn,Capelen,fcapelenk@thetimes.co.uk,20/8/1992,6919254059,37.425685,21.790311,Fuel Attendant,32,751-55-4288,36.190598,22.952309
594-49-3101,Gustaf,Silkston,gsilkstonl@cyberchimps.com,24/4/1995,6970138226,38.43353,21.561214,Fuel Attendant,50,259-97-5795,39.62454,21.555351
239-01-1704,Witty,Ling,wlingm@sfgate.com,26/7/2003,6953348174,39.005553,21.758486,Fuel Attendant,86,644-33-6437,39.362558,22.372545
158-38-5900,Guillermo,Zealy,gzealyn@godaddy.com,16/11/1994,6968744867,38.691537,21.295157,Fuel Attendant,38,329-56-2930,39.877714,21.358061
565-72-4385,Uriel,Bradd,ubraddo@dmoz.org,24/8/1996,6938630163,37.956851,21.645429,Fuel Attendant,22,244-85-2321,37.958652,22.670532
866-61-4228,Krisha,Nowak,knowakp@fastcompany.com,18/2/1992,6939212137,36.373793,22.237554,Fuel Attendant,15,311-27-8636,39.42864,21.391072
436-69-4658,Boyce,Querree,bquerreeq@ning.com,4/5/2000,6938597652,36.033544,21.679852,Fuel Attendant,11,702-57-1309,39.778374,22.116495
299-13-4811,Mirelle,Hacksby,mhacksbyr@cpanel.net,29/10/2003,6974777291,36.824881,21.035311,Fuel Attendant,24,574-16-3452,38.614483,22.711832
868-73-4508,Rriocard,Laurentino,rlaurentinos@rediff.com,19/1/1995,6989700439,37.282883,21.758795,Fuel Attendant,24,435-03-5922,39.523325,22.588122
369-26-4226,Gifford,Nibley,gnibleyt@timesonline.co.uk,26/3/1994,6972738803,37.505099,21.65627,Fuel Attendant,69,508-23-8527,38.82109,21.136778
242-27-9327,Juliane,Gillooly,jgilloolyu@msn.com,7/5/1996,6901770000,39.730428,22.302118,Fuel Attendant,35,660-93-4278,38.262807,22.778594
661-48-0155,Edita,Maddaford,emaddafordv@wikispaces.com,17/10/1996,6998905332,37.737056,21.360537,Fuel Attendant,72,538-60-9947,39.532177,22.166377
139-34-3598,Benedicto,Madigan,bmadiganw@chronoengine.com,18/6/2003,6932756374,37.46353,21.413854,Fuel Attendant,10,370-33-5869,36.02151,22.480999
362-83-5618,Angelico,Limprecht,alimprechtx@smh.com.au,11/8/1996,6946689621,37.277036,22.442273,Fuel Attendant,25,358-01-9585,37.887318,22.785831
818-78-3684,Atalanta,Eckhard,aeckhardy@bandcamp.com,6/5/1993,6901724882,39.23136,22.284201,Fuel Attendant,95,702-57-1309,39.087018,22.459516
234-61-6376,Evangelia,Jenson,ejensonz@digg.com,20/5/1995,6923774496,37.494151,21.016135,Fuel Attendant,24,470-57-7121,37.40737,22.022397
895-49-0232,Brunhilda,Edser,bedser10@exblog.jp,3/11/1995,6983608078,39.562711,22.796533,Fuel Attendant,90,605-94-3821,39.559869,21.073529
858-29-1142,Tulley,Robilart,trobilart11@mozilla.com,19/10/2003,6933549698,36.455944,21.724597,Fuel Attendant,23,706-27-1840,36.878025,22.721308
718-34-3080,Rea,Jozefowicz,rjozefowicz12@sogou.com,6/8/1999,6988900592,36.514541,21.889461,Fuel Attendant,59,435-03-5922,38.153323,22.51488
177-89-5885,Keelia,Gervaise,kgervaise13@sogou.com,6/12/1998,6970024963,38.737621,22.758982,Fuel Attendant,75,838-76-5545,36.182171,21.035169
149-20-6050,Mozes,Noteyoung,mnoteyoung14@cnn.com,7/11/2002,6921346690,37.013413,22.851152,Fuel Attendant,88,873-02-8893,39.917906,22.189849
477-02-1197,Jarad,Dodson,jdodson15@oracle.com,10/3/2003,6974321195,36.851764,22.415953,Fuel Attendant,43,223-18-0765,38.263947,22.4074
479-64-7304,Wilmar,Keasey,wkeasey16@hostgator.com,7/12/1991,6958123605,37.601568,22.311722,Fuel Attendant,97,605-94-3821,36.134797,21.639669
382-75-3812,Stavros,Klimuk,sklimuk17@wp.com,22/12/1995,6930068694,38.331287,22.732543,Fuel Attendant,36,311-27-8636,37.38102,22.021288
557-25-5324,Fanya,Conway,fconway18@telegraph.co.uk,3/1/1994,6963812942,38.843072,21.291963,Fuel Attendant,57,370-33-5869,38.815164,22.113392
432-58-2360,Barbey,Kenealy,bkenealy19@europa.eu,23/3/2000,6946041407,39.712772,21.579623,Fuel Attendant,68,791-36-5885,39.264855,21.420545
701-45-5622,Helen-elizabeth,Absolem,habsolem1a@cocolog-nifty.com,12/7/2002,6942055373,36.031685,21.012698,Fuel Attendant,79,323-49-2911,36.413642,22.802954
151-71-1723,Reinald,Faldo,rfaldo1b@sakura.ne.jp,18/4/2003,6923670871,36.043194,22.549564,Fuel Attendant,91,574-16-3452,37.942487,21.152171
732-68-3787,Karlik,Collingdon,kcollingdon1c@indiatimes.com,10/7/2002,6906197955,38.036439,21.933178,Fuel Attendant,62,550-47-6199,37.793219,22.508819
173-59-5969,Tanner,Eyes,teyes1d@nationalgeographic.com,30/1/1996,6953257043,36.115139,22.96839,Fuel Attendant,63,109-51-6553,39.159734,22.717787
777-31-2895,Cyndi,Marquis,cmarquis1e@twitter.com,19/6/2001,6975602320,37.86234,22.971729,Fuel Attendant,33,311-27-8636,36.190598,22.952309
557-95-7045,Marissa,Stanes,mstanes1f@vistaprint.com,20/10/1999,6965369364,37.292953,22.590136,Fuel Attendant,40,109-51-6553,39.62454,21.555351
432-39-7586,Elsy,Kless,ekless1g@prnewswire.com,1/1/1995,6928707849,37.987348,21.245238,Fuel Attendant,61,117-15-9866,39.362558,22.372545
875-95-7090,Yuri,Gumby,ygumby1h@wufoo.com,19/12/2001,6967124759,37.165692,21.614708,Fuel Attendant,56,348-89-1717,39.877714,21.358061
108-10-7239,Vanni,Hyman,vhyman1i@mediafire.com,8/12/2000,6960553975,36.193084,21.208912,Fuel Attendant,82,505-84-5567,37.958652,22.670532
352-30-4323,Quinn,Cheltnam,qcheltnam1j@biglobe.ne.jp,12/9/1997,6950922059,37.243758,21.045464,Fuel Attendant,65,348-89-1717,39.42864,21.391072
528-88-2013,Zarah,Noir,znoir1k@rambler.ru,4/10/2000,6939795748,37.540971,22.504217,Fuel Attendant,81,109-51-6553,39.778374,22.116495
114-59-1122,Carney,McIlreavy,cmcilreavy1l@blogspot.com,1/12/2002,6943772575,36.660714,21.069323,Fuel Attendant,15,660-93-4278,38.614483,22.711832
161-74-8840,Mikol,Trumper,mtrumper1m@pen.io,25/2/1995,6911683507,37.022444,22.488565,Fuel Attendant,29,765-37-7380,39.523325,22.588122
637-93-5698,Avigdor,Manuely,amanuely1n@imageshack.us,30/5/2001,6973974096,36.273691,22.14177,Fuel Attendant,44,435-03-5922,38.82109,21.136778
512-42-1013,Trenton,Lepard,tlepard1o@tumblr.com,23/12/2002,6938937306,37.466615,21.097994,Gas Attendant,14,259-97-5795,38.262807,22.778594
350-11-8759,Neila,Valerius,nvalerius1p@deliciousdays.com,11/8/1997,6903087261,36.418064,21.859263,Gas Attendant,86,647-21-0457,39.532177,22.166377
262-49-5716,Cicely,Cardenoso,ccardenoso1q@rambler.ru,24/8/2000,6975697512,38.568669,22.690071,Gas Attendant,46,706-27-1840,36.02151,22.480999
127-95-4355,Wilhelm,Kienl,wkienl1r@wikispaces.com,16/10/1999,6937321902,39.467166,21.902891,Gas Attendant,83,508-23-8527,37.887318,22.785831
858-63-2836,Jade,Girkin,jgirkin1s@geocities.jp,23/10/2003,6983408507,36.677928,22.265301,Gas Attendant,10,713-31-6727,39.087018,22.459516
195-66-0098,Susi,Axleby,saxleby1t@trellian.com,11/3/2002,6961237020,39.482442,21.437124,Gas Attendant,92,388-87-2614,37.40737,22.022397
502-95-8427,Calypso,Wadman,cwadman1u@cornell.edu,4/4/1995,6906743291,39.638314,21.605705,Gas Attendant,75,117-15-9866,39.559869,21.073529
855-19-4631,Chevy,MacAllister,cmacallister1v@newsvine.com,3/4/2002,6970659208,37.118591,22.035772,Gas Attendant,90,109-51-6553,36.878025,22.721308
516-64-4912,Cyndie,Forgan,cforgan1w@ebay.co.uk,15/1/2001,6927684239,38.537243,21.901967,Gas Attendant,9,482-99-8564,38.153323,22.51488
384-32-9131,Lucky,Aveyard,laveyard1x@mtv.com,8/7/1991,6941679501,36.282931,22.651049,Gas Attendant,33,735-21-9436,36.182171,21.035169
675-98-6577,Tremaine,Siccombe,tsiccombe1y@google.com.br,13/4/1993,6901425852,36.090687,21.099285,Gas Attendant,46,117-15-9866,39.917906,22.189849
601-56-2527,Clim,Harnell,charnell1z@tinypic.com,13/9/1997,6960236021,39.0988,22.113488,Gas Attendant,96,706-27-1840,38.263947,22.4074
300-47-1801,Osmond,Motte,omotte20@telegraph.co.uk,4/11/2000,6948649442,38.220102,21.447264,Gas Attendant,65,259-97-5795,36.134797,21.639669
313-24-2386,Yank,Rembaud,yrembaud21@hexun.com,20/5/2001,6926136962,37.309326,22.456281,Gas Attendant,26,534-45-7901,37.38102,22.021288
407-52-4153,Finn,St Clair,fstclair22@intel.com,5/1/2001,6959797766,36.382991,22.04796,Gas Attendant,16,435-03-5922,38.815164,22.113392
552-84-8327,Levey,De Lasci,ldelasci23@blogs.com,22/11/1999,6996413207,36.288212,21.989586,Gas Attendant,46,511-24-6997,39.264855,21.420545
799-89-5375,Tamra,Whife,twhife24@eventbrite.com,21/4/1995,6937584359,39.538125,21.046247,Gas Attendant,37,631-65-1970,36.413642,22.802954
142-91-9237,Brandyn,Scocroft,bscocroft25@nasa.gov,7/3/1996,6965124000,36.099895,22.302769,Gas Attendant,22,765-37-7380,37.942487,21.152171
688-02-3060,Grady,Willshire,gwillshire26@smh.com.au,18/3/1992,6985175252,39.15502,22.997269,Gas Attendant,23,631-65-1970,37.793219,22.508819
878-14-7606,Pammi,Lytton,plytton27@about.com,15/8/1992,6957849391,38.549409,21.23652,Gas Attendant,17,377-21-7150,39.159734,22.717787
429-41-3261,Reg,Jori,rjori28@blog.com,8/12/2003,6952193104,37.955185,22.954269,Gas Attendant,32,244-85-2321,36.190598,22.952309
609-43-7284,Syman,Larder,slarder29@mail.ru,25/10/1990,6903643220,39.00843,22.611551,Gas Attendant,35,505-84-5567,39.62454,21.555351
779-55-0273,Lorita,Kellough,lkellough2a@cbc.ca,23/11/1999,6969844775,38.860871,21.464896,Gas Attendant,66,377-21-7150,39.362558,22.372545
205-67-9988,Anya,Cardero,acardero2b@baidu.com,27/5/2001,6980355801,38.325252,22.189152,Gas Attendant,19,331-45-1900,39.877714,21.358061
720-68-1948,Rachel,Luciani,rluciani2c@jugem.jp,7/6/1996,6970320098,39.605755,22.103024,Gas Attendant,93,652-09-0879,37.958652,22.670532
110-25-0799,Sigfried,Harrigan,sharrigan2d@soup.io,18/11/1994,6911934550,38.736292,21.39722,Gas Attendant,75,467-37-0421,39.42864,21.391072
763-32-3808,Clemence,Parkin,cparkin2e@ezinearticles.com,19/5/1996,6933809429,36.386039,22.019483,Gas Attendant,32,605-94-3821,39.778374,22.116495
205-84-9653,Lammond,Jowling,ljowling2f@omniture.com,27/4/2002,6976277552,36.915819,21.629688,Gas Attendant,40,467-37-0421,38.614483,22.711832
400-70-5790,Haily,Pereira,hpereira2g@about.com,19/8/1992,6935936647,37.438858,21.478877,Gas Attendant,19,323-49-2911,39.523325,22.588122
706-38-2344,Estrellita,Barton,ebarton2h@springer.com,24/11/2002,6924983689,36.216513,21.36137,Gas Attendant,60,660-93-4278,38.82109,21.136778
141-81-4196,Janeva,Kermannes,jkermannes0@census.gov,27/9/1999,6983746766,36.106126,22.521229,Gas Attendant,33,571-93-4844,39.877714,21.358061
252-59-0248,Tricia,Welfair,twelfair1@comcast.net,31/12/1995,6964196552,37.11134,21.212042,Gas Attendant,18,538-60-9947,37.38102,22.021288
175-46-1419,Maximilian,Eastwood,meastwood2@berkeley.edu,27/10/1992,6976781458,38.013695,21.232081,Gas Attendant,11,702-57-1309,39.778374,22.116495
513-25-7888,Margarete,Lemerle,mlemerle3@sfgate.com,19/3/1999,6923865561,37.341729,21.151136,Fuel Attendant,77,109-51-6553,37.942487,21.152171
713-39-9376,Eustacia,Auckland,eauckland4@huffingtonpost.com,16/10/1994,6980999613,39.216217,21.61657,Gas Attendant,20,574-48-2241,39.877714,21.358061
882-17-2839,Garrek,Hebburn,ghebburn5@salon.com,7/9/1996,6981108830,39.298182,22.51049,Fuel Attendant,19,323-49-2911,38.82109,21.136778
516-73-8852,Jennette,Juanico,jjuanico6@nhs.uk,5/7/1998,6991119712,37.10674,22.933872,Fuel Attendant,62,435-03-5922,38.82109,21.136778
389-91-5307,Ardisj,Pilgrim,apilgrim7@unesco.org,6/9/1992,6999713524,37.505042,21.627012,Gas Attendant,88,109-51-6553,39.877714,21.358061
270-78-4371,Carlie,Lowrie,clowrie8@yellowpages.com,19/12/2000,6952020428,36.069961,21.147254,Gas Attendant,47,605-94-3821,39.159734,22.717787
703-40-4561,Buffy,Thrussell,bthrussell9@ifeng.com,27/10/1998,6972995450,39.785857,22.25079,Fuel Attendant,72,505-84-5567,37.942487,21.152171
830-99-7037,Pete,Kemp,pkempa@alexa.com,16/4/1997,6969913255,39.573984,22.299492,Fuel Attendant,98,538-60-9947,39.778374,22.116495
506-84-7525,Montague,Corrett,mcorrettb@gravatar.com,18/4/1990,6932841152,36.831004,22.509045,Fuel Attendant,31,244-85-2321,39.917906,22.189849
507-52-7985,Zebulon,Kernocke,zkernockec@phoca.cz,28/3/1995,6938012215,39.393186,21.966127,Gas Attendant,58,117-15-9866,38.263947,22.4074
161-65-1453,Rosemaria,Grubb,rgrubbd@live.com,11/12/2002,6974712669,37.399262,22.669022,Gas Attendant,82,109-51-6553,36.878025,22.721308
124-96-2108,Mitch,Poyzer,mpoyzere@homestead.com,1/10/1993,6900371908,39.752757,21.385144,Gas Attendant,56,348-89-1717,36.878025,22.721308
627-44-7793,Agustin,Silburn,asilburnf@netscape.com,1/5/1992,6973139351,36.25246,21.608192,Gas Attendant,64,546-39-6338,39.264855,21.420545
185-22-5969,Raymund,Illwell,rillwellg@miibeian.gov.cn,20/7/2002,6943524757,37.912447,21.745156,Gas Attendant,38,323-49-2911,37.38102,22.021288
860-93-8822,Edvard,Balshen,ebalshenh@salon.com,28/6/1997,6949546943,39.220113,22.693448,Gas Attendant,28,467-37-0421,39.362558,22.372545
146-69-4349,Kala,Beange,kbeangei@chron.com,24/1/2002,6924020228,39.658897,22.215968,Gas Attendant,95,482-99-8564,39.917906,22.189849
708-56-5980,Julianna,Moorrud,jmoorrudj@dot.gov,31/8/1999,6914200238,37.416923,22.480064,Fuel Attendant,75,482-99-8564,36.190598,22.952309
207-74-5691,Averil,Eingerfield,aeingerfieldk@wordpress.org,20/6/1992,6958691342,37.133215,21.79133,Gas Attendant,59,652-09-0879,37.40737,22.022397
513-57-0954,Leora,Henricsson,lhenricssonl@arizona.edu,9/11/1997,6964341816,36.510843,22.963334,Fuel Attendant,57,873-02-8893,39.532177,22.166377
726-05-9776,Kylynn,Attwater,kattwaterm@psu.edu,19/10/1997,6916565192,37.741696,22.112433,Gas Attendant,50,873-02-8893,39.159734,22.717787
415-21-4557,Harlene,Meers,hmeersn@joomla.org,27/9/1993,6918307531,36.592331,21.734503,Gas Attendant,9,377-21-7150,39.62454,21.555351
597-06-3684,Jo,Carwithim,jcarwithimo@columbia.edu,22/7/1993,6939413669,37.913826,22.340289,Gas Attendant,68,331-45-1900,39.917906,22.189849
681-05-4509,Oriana,Leirmonth,oleirmonthp@nifty.com,30/8/1992,6999122532,37.015292,21.519301,Gas Attendant,59,538-60-9947,39.523325,22.588122
638-83-5601,Levi,Tiler,ltilerq@answers.com,19/12/2001,6948062473,38.83245,22.274289,Gas Attendant,43,603-55-3533,39.362558,22.372545
860-86-7277,Cinderella,Carr,ccarrr@ft.com,15/9/1998,6984974553,38.677384,22.422515,Gas Attendant,36,644-33-6437,37.942487,21.152171
248-56-3771,Olva,Nellis,onelliss@epa.gov,3/4/1992,6911126425,37.310866,21.132257,Gas Attendant,33,538-60-9947,36.190598,22.952309
406-32-4301,Jocelyne,Trask,jtraskt@vimeo.com,18/8/1991,6955384326,36.255125,22.130461,Gas Attendant,29,544-96-8239,36.190598,22.952309
513-72-1719,Kat,Casarili,kcasariliu@istockphoto.com,25/11/2003,6913128873,39.373924,22.235402,Fuel Attendant,32,546-39-6338,38.614483,22.711832
787-96-9201,Melantha,Birks,mbirksv@gov.uk,8/8/2003,6930436873,36.749075,21.479796,Gas Attendant,8,735-21-9436,38.815164,22.113392
304-68-4562,Nate,Yerrell,nyerrellw@cbc.ca,1/12/1993,6987303376,36.209074,22.525672,Gas Attendant,64,259-97-5795,39.362558,22.372545
140-67-9991,Carie,Mordie,cmordiex@surveymonkey.com,3/6/2002,6969128151,39.947372,22.339267,Gas Attendant,75,388-87-2614,37.942487,21.152171
780-61-4298,Corella,Hacksby,chacksbyy@constantcontact.com,13/6/1998,6955546817,38.398377,21.750099,Gas Attendant,28,505-84-5567,36.413642,22.802954
773-65-6439,Cory,McMurthy,cmcmurthyz@miitbeian.gov.cn,20/5/1998,6915405999,36.606676,21.214491,Gas Attendant,18,713-31-6727,39.559869,21.073529
284-78-4683,Darcie,Arstall,darstall10@oracle.com,28/1/2002,6990997435,38.143925,21.06608,Gas Attendant,76,605-94-3821,39.42864,21.391072
438-21-4654,Nisse,Shannon,nshannon11@hibu.com,21/4/1990,6946230619,38.338347,22.51359,Fuel Attendant,29,311-27-8636,38.614483,22.711832
447-80-4391,Lilli,Martello,lmartello12@123-reg.co.uk,26/1/1999,6974187896,37.179308,21.283463,Gas Attendant,67,435-03-5922,36.878025,22.721308
535-25-5282,Donny,Kleinhaut,dkleinhaut0@wix.com,26/10/2003,6983501471,39.671582,22.397908,Cleaner,24,605-94-3821,38.262807,22.778594
888-95-0936,Dalston,Goulder,dgoulder1@psu.edu,7/8/1994,6902848698,37.802455,22.230865,Cleaner,80,873-02-8893,39.532177,22.166377
578-64-6058,Allyn,Catley,acatley2@networksolutions.com,2/8/1990,6953642615,36.354236,22.048662,Cleaner,63,571-93-4844,36.02151,22.480999
478-03-9871,Marge,Pistol,mpistol3@un.org,21/12/2003,6960240489,36.916973,21.083003,Cleaner,23,467-37-0421,37.887318,22.785831
822-24-0789,Kathy,Scotchmer,kscotchmer4@blinklist.com,17/7/2000,6937118262,37.623806,22.645601,Cleaner,47,467-37-0421,39.087018,22.459516
416-50-7749,Leland,Davison,ldavison5@etsy.com,24/8/2002,6984351621,38.80984,22.107505,Cleaner,79,571-93-4844,37.40737,22.022397
285-69-2336,Gannie,McCuffie,gmccuffie6@admin.ch,5/12/1992,6931739969,39.455611,21.817905,Cleaner,82,470-57-7121,39.559869,21.073529
740-03-4844,Jilleen,Bellas,jbellas7@surveymonkey.com,5/7/1990,6950323919,37.2955,21.493566,Cleaner,98,117-15-9866,36.878025,22.721308
554-29-5230,Carin,Baylie,cbaylie8@photobucket.com,9/5/1991,6924072701,36.88413,22.029504,Cleaner,39,765-37-7380,38.153323,22.51488
132-71-2723,Matthiew,Finnes,mfinnes9@dion.ne.jp,19/3/2001,6988599399,37.079395,22.584423,Cleaner,39,603-55-3533,36.182171,21.035169
515-27-1351,Pat,Fennelly,pfennellya@psu.edu,9/1/1995,6900009925,37.742371,22.05849,Cleaner,82,550-47-6199,39.917906,22.189849
605-10-8030,Brande,Fooks,bfooksb@de.vu,15/3/1993,6957851207,39.26729,22.156064,Cleaner,58,223-18-0765,38.263947,22.4074
894-16-5365,Erinn,Dusting,edustingc@biblegateway.com,27/1/1999,6915569990,37.729695,21.257979,Cleaner,12,467-37-0421,36.134797,21.639669
336-21-1214,Archer,Evitt,aevittd@dedecms.com,5/2/1990,6956618701,39.629286,22.084418,Cleaner,96,706-27-1840,37.38102,22.021288
494-42-4479,Maurise,Melland,mmellande@homestead.com,28/12/2000,6900366894,39.672724,21.886854,Cleaner,8,538-60-9947,38.815164,22.113392
588-30-9959,Ruth,Moorton,rmoortonf@netlog.com,11/12/1995,6958517644,39.585958,22.060705,Cleaner,43,538-60-9947,39.264855,21.420545
157-99-3663,Geordie,Ashurst,gashurstg@example.com,23/3/1997,6987988619,37.464195,21.696667,Cleaner,79,117-15-9866,36.413642,22.802954
218-58-1225,Biron,Danher,bdanherh@printfriendly.com,30/10/1999,6901227322,38.337508,21.931522,Cleaner,34,867-19-4487,37.942487,21.152171
257-12-0261,Tyne,Heditch,theditchi@dailymail.co.uk,20/6/1993,6944712315,37.898487,21.952906,Cleaner,53,257-71-7733,37.793219,22.508819
327-56-2517,Esmaria,McVitie,emcvitiej@opera.com,12/8/2000,6936338084,37.212365,22.481376,Cleaner,38,838-76-5545,39.159734,22.717787
109-52-8836,Mabelle,Wetter,mwetterk@blinklist.com,20/6/2001,6940961331,37.377251,22.489541,Cleaner,44,765-37-7380,36.190598,22.952309
194-46-4912,Lamar,Guerro,lguerrol@dell.com,30/8/1998,6984733788,38.994516,21.355967,Cleaner,80,765-37-7380,39.62454,21.555351
112-76-0405,Van,Gane,vganem@si.edu,7/9/1992,6921788743,37.227492,21.197043,Cleaner,28,660-93-4278,39.362558,22.372545
160-58-5349,Burlie,Readwin,breadwinn@ed.gov,30/3/1998,6944843893,38.767413,22.46153,Cleaner,62,574-48-2241,39.877714,21.358061
661-53-4128,Bevin,Georgiev,bgeorgievo@cpanel.net,9/1/2001,6940782764,38.275265,22.529732,Cleaner,91,435-03-5922,37.958652,22.670532
336-41-7994,Cazzie,Baynom,cbaynomp@networkadvertising.org,4/1/2002,6974055744,37.724677,22.689166,Cleaner,46,765-37-7380,39.42864,21.391072
438-09-2290,Whitney,Petrie,wpetrieq@huffingtonpost.com,28/10/1992,6900267244,37.40329,22.893423,Cleaner,81,244-85-2321,39.778374,22.116495
178-32-4355,Valentina,Pattesall,vpattesallr@cmu.edu,17/2/2001,6991191436,38.545473,22.577726,Cleaner,27,358-01-9585,38.614483,22.711832
416-99-9675,Mavis,Rist,mrists@friendfeed.com,23/2/1991,6956029579,38.618797,21.162698,Cleaner,44,875-96-5877,39.523325,22.588122
899-35-3947,Hill,Dumphreys,hdumphreyst@nhs.uk,10/2/1998,6912785039,37.126701,22.5807,Cleaner,15,867-19-4487,38.82109,21.136778
859-24-5597,Elayne,Panichelli,epanichelli0@umn.edu,18/6/1997,6993575178,36.217533,21.352961,Cashier,25,803-69-9886,38.262807,22.778594
845-89-8716,Linette,Tucknott,ltucknott1@google.it,29/4/1992,6938399702,37.499006,21.537378,Cashier,57,605-94-3821,39.532177,22.166377
448-84-9287,Joachim,Prettyjohn,jprettyjohn2@ocn.ne.jp,10/5/1991,6918557557,37.085076,21.241783,Cashier,13,117-15-9866,36.02151,22.480999
829-68-4500,Julius,Studde,jstudde3@digg.com,7/4/1994,6980863387,37.208453,21.625292,Cashier,28,534-45-7901,37.887318,22.785831
347-67-7975,Joseph,Cropper,jcropper4@umich.edu,14/4/1990,6972402124,37.715474,22.159241,Cashier,14,388-87-2614,39.087018,22.459516
425-23-6238,Ransell,Hothersall,rhothersall5@illinois.edu,11/11/1992,6955877877,37.491463,22.187797,Cashier,89,574-48-2241,37.40737,22.022397
664-25-7350,Carie,Canwell,ccanwell6@illinois.edu,24/4/2002,6935715966,38.577965,22.914806,Cashier,52,257-71-7733,39.559869,21.073529
567-62-7826,Nathanael,Dibley,ndibley7@soundcloud.com,28/4/1997,6919597507,38.058002,21.072799,Cashier,21,803-69-9886,36.878025,22.721308
302-80-3833,Rickard,Totman,rtotman8@va.gov,15/7/2002,6988443962,39.782018,22.41276,Cashier,87,508-23-8527,38.153323,22.51488
524-07-3162,Caz,Hrus,chrus9@icio.us,26/10/1999,6958585767,38.453091,22.692067,Cashier,72,765-37-7380,36.182171,21.035169
479-86-1866,Godfry,Maletratt,gmaletratta@noaa.gov,20/4/2001,6986356264,38.893441,22.996526,Cashier,67,508-23-8527,39.917906,22.189849
233-13-2459,Olenka,Henden,ohendenb@auda.org.au,28/10/1996,6940720158,37.082234,22.913256,Cashier,99,574-48-2241,38.263947,22.4074
292-31-6615,Jada,Bridgstock,jbridgstockc@ning.com,5/7/1998,6959568396,37.86419,22.421359,Cashier,9,652-09-0879,36.134797,21.639669
441-68-4897,Maurise,MacCartan,mmaccartand@tinypic.com,30/12/1993,6954311716,39.253899,22.987252,Cashier,86,574-48-2241,37.38102,22.021288
657-52-8514,Charin,Gladbach,cgladbache@posterous.com,24/12/1991,6974735931,38.755307,21.357226,Cashier,41,605-94-3821,38.815164,22.113392
520-86-9031,Brigida,De Cruz,bdecruzf@nifty.com,20/10/1999,6945871869,39.955361,21.263364,Cashier,41,117-15-9866,39.264855,21.420545
534-36-7165,Eddy,Lawling,elawlingg@examiner.com,20/7/1995,6926950240,37.891187,22.495061,Cashier,14,508-23-8527,36.413642,22.802954
335-17-0628,Blondelle,Stanaway,bstanawayh@vimeo.com,20/10/1995,6936871686,38.906889,22.992972,Cashier,86,571-93-4844,38.682971,22.038279
789-85-1617,Dougie,Lippi,dlippii@sitemeter.com,13/2/1995,6960312554,39.030047,21.718567,Cashier,60,550-47-6199,37.988127,22.115035
709-11-4648,Lula,Sollam,lsollamj@myspace.com,6/7/1990,6915051595,36.771504,21.025987,Cashier,96,505-84-5567,36.655448,22.759316
634-18-6577,Warden,Minmagh,wminmaghk@miibeian.gov.cn,7/11/1990,6983188043,37.814707,22.551838,Cashier,69,470-57-7121,38.007562,21.225408
699-14-5810,Greggory,Smallshaw,gsmallshawl@craigslist.org,4/2/2000,6955637492,37.921833,21.842423,Cashier,28,467-37-0421,37.066891,21.200989
419-42-4253,Brande,Passman,bpassmanm@aboutads.info,25/8/1993,6956506600,36.843641,21.306485,Cashier,52,574-48-2241,38.681253,22.826654
817-98-4699,Gil,Geffinger,ggeffingern@tuttocitta.it,13/1/1995,6925214238,36.375193,21.182835,Cashier,61,223-18-0765,39.243902,21.819605
817-40-8546,Ainslie,Babin,ababino@oracle.com,31/1/1994,6946434019,36.16105,21.74475,Cashier,63,388-87-2614,37.278692,21.092014
604-49-1621,Cal,Sheavills,csheavillsp@over-blog.com,16/11/1994,6997815307,38.056271,22.593481,Cashier,24,546-39-6338,38.084575,22.01898
311-28-4047,Sebastien,Kidney,skidneyq@people.com.cn,24/2/2001,6961052609,36.606419,21.844244,Cashier,66,875-96-5877,38.551598,21.209075
466-48-5071,Augustin,Rymell,arymellr@livejournal.com,21/8/2001,6922592218,37.869483,21.211144,Cashier,46,873-02-8893,39.537578,22.594296
354-68-5453,Rochester,Marti,rmartis@yelp.com,29/4/1991,6943385404,38.838309,21.808173,Cashier,16,867-19-4487,37.942487,21.152171
596-30-3841,Desi,Fensome,dfensomet@sourceforge.net,3/5/1994,6963899393,37.693076,21.245359,Cashier,68,348-89-1717,37.793219,22.508819
445-04-2122,Artemas,Llewellen,allewellenu@alibaba.com,15/8/2001,6928080850,39.068084,22.225,Cashier,13,603-55-3533,39.159734,22.717787
887-64-6763,Gray,Folkerd,gfolkerdv@hud.gov,3/8/2001,6954121186,38.278589,21.216855,Cashier,58,377-21-7150,36.190598,22.952309
368-19-2165,Urbano,Clifford,ucliffordw@mysql.com,1/8/1990,6937401732,39.86131,21.227955,Cashier,11,244-85-2321,39.62454,21.555351
375-69-1863,Roscoe,Hansley,rhansleyx@princeton.edu,9/8/1994,6964933405,38.539906,21.623837,Cashier,98,791-36-5885,39.362558,22.372545
371-94-0004,Maegan,Saenz,msaenzy@typepad.com,28/10/1993,6903483237,39.972889,21.819938,Cashier,33,109-51-6553,39.877714,21.358061
573-73-3115,Roze,Leftley,rleftleyz@amazon.com,1/1/1990,6901832015,38.326589,22.762831,Cashier,94,467-37-0421,37.958652,22.670532
701-85-8160,Saba,Dundridge,sdundridge10@blogspot.com,26/5/1998,6948232389,38.725044,22.887385,Cashier,82,311-27-8636,39.42864,21.391072
134-14-3555,Yankee,Guilloux,yguilloux11@list-manage.com,9/8/1999,6930368260,39.116155,22.053,Cashier,28,508-23-8527,39.778374,22.116495
602-83-2553,Rusty,Gerrell,rgerrell12@yellowbook.com,6/11/1993,6904735980,37.852934,21.69734,Cashier,88,873-02-8893,38.614483,22.711832
235-09-4001,Brigit,Mapowder,bmapowder13@forbes.com,29/4/2001,6979324525,38.819493,22.577873,Cashier,17,538-60-9947,39.523325,22.588122
663-52-3229,Cassi,Droghan,cdroghan14@dyndns.org,4/1/1992,6907830828,39.320171,22.373326,Cashier,24,435-03-5922,38.82109,21.136778


















































